customer_id,first_name,last_name,email,phone
1,John,Williams,john.williams1@example.com,555-748-7884
2,John,Jones,john.jones2@example.com,555-105-3918
3,Henry,Williams,henry.williams3@example.com,555-282-2502
4,Eve,Johnson,eve.johnson4@example.com,555-576-1032
5,Eve,Doe,eve.doe5@example.com,555-443-7209
6,John,Williams,john.williams6@example.com,555-126-3913
7,Bob,Smith,bob.smith7@example.com,555-530-6458
8,Frank,Garcia,frank.garcia8@example.com,555-230-4756
9,John,Jones,john.jones9@example.com,555-417-8727
10,Alice,Williams,alice.williams10@example.com,555-413-2164
11,Henry,Jones,henry.jones11@example.com,555-423-9737
12,Diana,Brown,diana.brown12@example.com,555-707-4935
13,Frank,Williams,frank.williams13@example.com,555-293-7440
14,Grace,Garcia,grace.garcia14@example.com,555-360-3410
15,Bob,Rodriguez,bob.rodriguez15@example.com,555-661-7003
16,Frank,Rodriguez,frank.rodriguez16@example.com,555-552-7601
17,Charlie,Brown,charlie.brown17@example.com,555-798-6719
18,Diana,Rodriguez,diana.rodriguez18@example.com,555-290-9501
19,Bob,Rodriguez,bob.rodriguez19@example.com,555-773-2733
20,Eve,Doe,eve.doe20@example.com,555-525-4093
21,John,Brown,john.brown21@example.com,555-303-5142
22,Frank,Williams,frank.williams22@example.com,555-409-7744
23,Grace,Rodriguez,grace.rodriguez23@example.com,555-847-1696
24,Bob,Jones,bob.jones24@example.com,555-159-3823
25,Henry,Garcia,henry.garcia25@example.com,555-576-1328
26,John,Doe,john.doe26@example.com,555-232-9029
27,Bob,Smith,bob.smith27@example.com,555-109-6246
28,Diana,Johnson,diana.johnson28@example.com,555-846-6104
29,Frank,Smith,frank.smith29@example.com,555-931-9670
30,Eve,Jones,eve.jones30@example.com,555-306-3679
31,Eve,Davis,eve.davis31@example.com,555-858-6323
32,Alice,Johnson,alice.johnson32@example.com,555-122-5923
33,Bob,Johnson,bob.johnson33@example.com,555-752-8172
34,Grace,Johnson,grace.johnson34@example.com,555-172-9168
35,Diana,Johnson,diana.johnson35@example.com,555-927-4433
36,Bob,Miller,bob.miller36@example.com,555-221-4923
37,Charlie,Williams,charlie.williams37@example.com,555-478-6093
38,Frank,Smith,frank.smith38@example.com,555-230-4035
39,Jane,Jones,jane.jones39@example.com,555-281-3299
40,John,Smith,john.smith40@example.com,555-642-4441
41,Charlie,Garcia,charlie.garcia41@example.com,555-840-8610
42,Diana,Doe,diana.doe42@example.com,555-330-9529
43,Henry,Smith,henry.smith43@example.com,555-924-7434
44,Jane,Davis,jane.davis44@example.com,555-806-5881
45,Alice,Garcia,alice.garcia45@example.com,555-629-5342
46,Eve,Rodriguez,eve.rodriguez46@example.com,555-210-8999
47,Charlie,Jones,charlie.jones47@example.com,555-136-9745
48,Alice,Smith,alice.smith48@example.com,555-198-5293
49,Eve,Davis,eve.davis49@example.com,555-766-2379
50,Henry,Williams,henry.williams50@example.com,555-593-8374
51,Henry,Davis,henry.davis51@example.com,555-778-1188
52,Henry,Miller,henry.miller52@example.com,555-922-7991
53,Charlie,Doe,charlie.doe53@example.com,555-850-8693
54,Grace,Davis,grace.davis54@example.com,555-794-9305
55,Henry,Smith,henry.smith55@example.com,555-183-6323
56,Diana,Smith,diana.smith56@example.com,555-611-9843
57,Bob,Williams,bob.williams57@example.com,555-716-4493
58,Charlie,Miller,charlie.miller58@example.com,555-805-2417
59,Grace,Miller,grace.miller59@example.com,555-766-8659
60,Frank,Doe,frank.doe60@example.com,555-153-2290
61,Eve,Garcia,eve.garcia61@example.com,555-231-6230
62,Grace,Smith,grace.smith62@example.com,555-341-6891
63,John,Jones,john.jones63@example.com,555-793-5245
64,Jane,Jones,jane.jones64@example.com,555-553-8095
65,Henry,Rodriguez,henry.rodriguez65@example.com,555-115-9131
66,Grace,Rodriguez,grace.rodriguez66@example.com,555-760-2816
67,Charlie,Miller,charlie.miller67@example.com,555-765-4107
68,Henry,Garcia,henry.garcia68@example.com,555-294-6340
69,Grace,Smith,grace.smith69@example.com,555-510-7159
70,Eve,Garcia,eve.garcia70@example.com,555-643-3842
71,Frank,Rodriguez,frank.rodriguez71@example.com,555-952-8137
72,John,Garcia,john.garcia72@example.com,555-419-7788
73,Diana,Doe,diana.doe73@example.com,555-340-1018
74,Henry,Johnson,henry.johnson74@example.com,555-507-8037
75,Bob,Jones,bob.jones75@example.com,555-141-5993
76,Frank,Rodriguez,frank.rodriguez76@example.com,555-634-4666
77,John,Rodriguez,john.rodriguez77@example.com,555-713-5633
78,Eve,Johnson,eve.johnson78@example.com,555-165-1938
79,Charlie,Brown,charlie.brown79@example.com,555-543-5694
80,Diana,Williams,diana.williams80@example.com,555-205-7800
81,Frank,Jones,frank.jones81@example.com,555-994-9509
82,Grace,Davis,grace.davis82@example.com,555-429-8781
83,Eve,Johnson,eve.johnson83@example.com,555-348-7593
84,Jane,Miller,jane.miller84@example.com,555-936-3696
85,Frank,Williams,frank.williams85@example.com,555-971-4386
86,Henry,Brown,henry.brown86@example.com,555-907-8056
87,Jane,Davis,jane.davis87@example.com,555-842-4813
88,Henry,Davis,henry.davis88@example.com,555-124-9557
89,Jane,Garcia,jane.garcia89@example.com,555-760-6329
90,Eve,Johnson,eve.johnson90@example.com,555-407-2732
91,Bob,Miller,bob.miller91@example.com,555-580-6302
92,Eve,Brown,eve.brown92@example.com,555-765-3226
93,Eve,Doe,eve.doe93@example.com,555-595-7741
94,Grace,Smith,grace.smith94@example.com,555-552-8366
95,Henry,Brown,henry.brown95@example.com,555-765-8588
96,Alice,Johnson,alice.johnson96@example.com,555-352-2945
97,Alice,Miller,alice.miller97@example.com,555-192-1145
98,Diana,Smith,diana.smith98@example.com,555-132-6950
99,Grace,Rodriguez,grace.rodriguez99@example.com,555-155-9876
100,Frank,Garcia,frank.garcia100@example.com,555-592-9860
101,Bob,Miller,bob.miller101@example.com,555-947-4143
102,Grace,Williams,grace.williams102@example.com,555-368-3441
103,John,Johnson,john.johnson103@example.com,555-320-8431
104,Frank,Davis,frank.davis104@example.com,555-608-6094
105,Grace,Miller,grace.miller105@example.com,555-713-8850
106,Henry,Davis,henry.davis106@example.com,555-993-8095
107,Charlie,Jones,charlie.jones107@example.com,555-147-8488
108,Charlie,Williams,charlie.williams108@example.com,555-354-2969
109,Jane,Davis,jane.davis109@example.com,555-386-8059
110,Henry,Smith,henry.smith110@example.com,555-504-2100
111,Charlie,Davis,charlie.davis111@example.com,555-991-8985
112,Charlie,Davis,charlie.davis112@example.com,555-252-8201
113,Jane,Johnson,jane.johnson113@example.com,555-730-7678
114,John,Davis,john.davis114@example.com,555-597-6107
115,Charlie,Smith,charlie.smith115@example.com,555-638-3125
116,Jane,Miller,jane.miller116@example.com,555-259-7759
117,Grace,Miller,grace.miller117@example.com,555-943-6174
118,Henry,Garcia,henry.garcia118@example.com,555-444-1517
119,Frank,Garcia,frank.garcia119@example.com,555-606-4294
120,John,Jones,john.jones120@example.com,555-325-7526
121,Frank,Davis,frank.davis121@example.com,555-565-5148
122,John,Miller,john.miller122@example.com,555-186-5254
123,Eve,Smith,eve.smith123@example.com,555-490-4047
124,Charlie,Brown,charlie.brown124@example.com,555-113-1721
125,Charlie,Brown,charlie.brown125@example.com,555-416-1603
126,Bob,Garcia,bob.garcia126@example.com,555-791-2823
127,John,Doe,john.doe127@example.com,555-178-8995
128,Charlie,Brown,charlie.brown128@example.com,555-219-3233
129,Charlie,Brown,charlie.brown129@example.com,555-521-6957
130,Diana,Smith,diana.smith130@example.com,555-388-3875
131,Grace,Brown,grace.brown131@example.com,555-525-4051
132,Jane,Doe,jane.doe132@example.com,555-267-3898
133,Grace,Johnson,grace.johnson133@example.com,555-364-8974
134,Alice,Doe,alice.doe134@example.com,555-626-5565
135,John,Jones,john.jones135@example.com,555-413-7411
136,John,Smith,john.smith136@example.com,555-809-9894
137,John,Garcia,john.garcia137@example.com,555-574-9527
138,Grace,Jones,grace.jones138@example.com,555-948-3480
139,Bob,Garcia,bob.garcia139@example.com,555-918-6492
140,Charlie,Miller,charlie.miller140@example.com,555-791-4967
141,Grace,Rodriguez,grace.rodriguez141@example.com,555-311-3548
142,Frank,Williams,frank.williams142@example.com,555-688-8557
143,Frank,Johnson,frank.johnson143@example.com,555-664-5842
144,Diana,Rodriguez,diana.rodriguez144@example.com,555-144-4649
145,Charlie,Johnson,charlie.johnson145@example.com,555-663-9854
146,Eve,Doe,eve.doe146@example.com,555-250-7551
147,Charlie,Brown,charlie.brown147@example.com,555-556-8543
148,Eve,Williams,eve.williams148@example.com,555-977-8645
149,Diana,Williams,diana.williams149@example.com,555-772-5424
150,Alice,Williams,alice.williams150@example.com,555-282-8089
151,Eve,Rodriguez,eve.rodriguez151@example.com,555-943-7533
152,Diana,Jones,diana.jones152@example.com,555-835-7678
153,Grace,Johnson,grace.johnson153@example.com,555-906-8829
154,Bob,Rodriguez,bob.rodriguez154@example.com,555-473-5821
155,Bob,Davis,bob.davis155@example.com,555-473-6375
156,Henry,Davis,henry.davis156@example.com,555-922-1262
157,Frank,Miller,frank.miller157@example.com,555-153-9790
158,Jane,Miller,jane.miller158@example.com,555-751-7838
159,Henry,Johnson,henry.johnson159@example.com,555-178-2943
160,Charlie,Smith,charlie.smith160@example.com,555-159-9568
161,Eve,Rodriguez,eve.rodriguez161@example.com,555-990-8048
162,Frank,Miller,frank.miller162@example.com,555-633-5959
163,Grace,Davis,grace.davis163@example.com,555-872-9040
164,John,Garcia,john.garcia164@example.com,555-618-6207
165,Charlie,Rodriguez,charlie.rodriguez165@example.com,555-521-3035
166,Henry,Garcia,henry.garcia166@example.com,555-980-9729
167,Grace,Miller,grace.miller167@example.com,555-670-7109
168,Frank,Doe,frank.doe168@example.com,555-755-4461
169,John,Williams,john.williams169@example.com,555-911-2732
170,Grace,Davis,grace.davis170@example.com,555-223-3071
171,Grace,Smith,grace.smith171@example.com,555-589-5999
172,Eve,Smith,eve.smith172@example.com,555-992-1940
173,Jane,Jones,jane.jones173@example.com,555-328-7531
174,Frank,Johnson,frank.johnson174@example.com,555-624-7484
175,Eve,Davis,eve.davis175@example.com,555-513-1138
176,Diana,Miller,diana.miller176@example.com,555-332-4567
177,Henry,Davis,henry.davis177@example.com,555-581-2020
178,Eve,Garcia,eve.garcia178@example.com,555-859-7218
179,Henry,Jones,henry.jones179@example.com,555-307-2104
180,Jane,Doe,jane.doe180@example.com,555-261-4281
181,Diana,Jones,diana.jones181@example.com,555-442-7409
182,Diana,Davis,diana.davis182@example.com,555-508-7196
183,John,Brown,john.brown183@example.com,555-704-6555
184,Jane,Davis,jane.davis184@example.com,555-690-7988
185,Alice,Williams,alice.williams185@example.com,555-828-7788
186,Frank,Brown,frank.brown186@example.com,555-148-3980
187,Henry,Johnson,henry.johnson187@example.com,555-488-6749
188,Grace,Rodriguez,grace.rodriguez188@example.com,555-396-2754
189,Eve,Garcia,eve.garcia189@example.com,555-203-8361
190,Henry,Miller,henry.miller190@example.com,555-539-6637
191,Charlie,Rodriguez,charlie.rodriguez191@example.com,555-212-4483
192,Bob,Doe,bob.doe192@example.com,555-264-5606
193,Henry,Doe,henry.doe193@example.com,555-984-7601
194,John,Jones,john.jones194@example.com,555-667-9017
195,Henry,Doe,henry.doe195@example.com,555-767-7909
196,Diana,Garcia,diana.garcia196@example.com,555-649-6666
197,John,Smith,john.smith197@example.com,555-699-8599
198,John,Rodriguez,john.rodriguez198@example.com,555-918-1066
199,Alice,Johnson,alice.johnson199@example.com,555-743-1974
200,Frank,Johnson,frank.johnson200@example.com,555-730-6946
201,Diana,Smith,diana.smith201@example.com,555-529-5606
202,Jane,Doe,jane.doe202@example.com,555-891-8052
203,Eve,Williams,eve.williams203@example.com,555-160-1441
204,Bob,Brown,bob.brown204@example.com,555-226-6655
205,Alice,Jones,alice.jones205@example.com,555-506-3264
206,Frank,Williams,frank.williams206@example.com,555-501-4953
207,Diana,Smith,diana.smith207@example.com,555-815-5121
208,Grace,Smith,grace.smith208@example.com,555-797-7148
209,John,Rodriguez,john.rodriguez209@example.com,555-959-9848
210,Jane,Doe,jane.doe210@example.com,555-701-4611
211,John,Johnson,john.johnson211@example.com,555-591-7935
212,Diana,Davis,diana.davis212@example.com,555-780-5739
213,Charlie,Johnson,charlie.johnson213@example.com,555-708-2160
214,Alice,Davis,alice.davis214@example.com,555-791-6485
215,Jane,Johnson,jane.johnson215@example.com,555-674-1663
216,Bob,Smith,bob.smith216@example.com,555-716-4144
217,Eve,Doe,eve.doe217@example.com,555-650-5650
218,Frank,Miller,frank.miller218@example.com,555-280-4529
219,Henry,Garcia,henry.garcia219@example.com,555-684-9826
220,Frank,Miller,frank.miller220@example.com,555-226-2364
221,Bob,Rodriguez,bob.rodriguez221@example.com,555-685-7882
222,Grace,Williams,grace.williams222@example.com,555-356-2585
223,Eve,Brown,eve.brown223@example.com,555-922-5492
224,Henry,Williams,henry.williams224@example.com,555-492-4082
225,Charlie,Davis,charlie.davis225@example.com,555-278-6121
226,Frank,Brown,frank.brown226@example.com,555-245-9217
227,Alice,Smith,alice.smith227@example.com,555-355-8399
228,Bob,Smith,bob.smith228@example.com,555-865-4836
229,Frank,Smith,frank.smith229@example.com,555-862-8330
230,Grace,Johnson,grace.johnson230@example.com,555-429-7483
231,Bob,Miller,bob.miller231@example.com,555-441-4245
232,John,Doe,john.doe232@example.com,555-605-6526
233,Grace,Doe,grace.doe233@example.com,555-960-4544
234,Eve,Davis,eve.davis234@example.com,555-619-3408
235,Jane,Jones,jane.jones235@example.com,555-636-6361
236,Grace,Johnson,grace.johnson236@example.com,555-840-9920
237,Alice,Davis,alice.davis237@example.com,555-445-7444
238,John,Rodriguez,john.rodriguez238@example.com,555-410-9429
239,Frank,Williams,frank.williams239@example.com,555-369-6382
240,Alice,Davis,alice.davis240@example.com,555-618-6495
241,Frank,Brown,frank.brown241@example.com,555-882-9723
242,Charlie,Miller,charlie.miller242@example.com,555-675-8835
243,Alice,Doe,alice.doe243@example.com,555-159-6005
244,Jane,Doe,jane.doe244@example.com,555-489-4901
245,Henry,Garcia,henry.garcia245@example.com,555-915-5197
246,John,Davis,john.davis246@example.com,555-262-1564
247,Eve,Brown,eve.brown247@example.com,555-276-1409
248,Grace,Davis,grace.davis248@example.com,555-720-2227
249,Charlie,Johnson,charlie.johnson249@example.com,555-165-6511
250,Jane,Johnson,jane.johnson250@example.com,555-892-6908
251,Eve,Doe,eve.doe251@example.com,555-492-1238
252,John,Garcia,john.garcia252@example.com,555-436-7373
253,Bob,Brown,bob.brown253@example.com,555-748-3105
254,Jane,Brown,jane.brown254@example.com,555-118-1692
255,Eve,Garcia,eve.garcia255@example.com,555-756-9004
256,Grace,Jones,grace.jones256@example.com,555-142-5476
257,Grace,Smith,grace.smith257@example.com,555-457-6159
258,Frank,Johnson,frank.johnson258@example.com,555-919-8872
259,Grace,Garcia,grace.garcia259@example.com,555-556-4256
260,Charlie,Doe,charlie.doe260@example.com,555-886-9397
261,Grace,Johnson,grace.johnson261@example.com,555-648-8771
262,Charlie,Smith,charlie.smith262@example.com,555-369-1145
263,Diana,Johnson,diana.johnson263@example.com,555-192-4219
264,Frank,Brown,frank.brown264@example.com,555-105-4600
265,Alice,Williams,alice.williams265@example.com,555-955-1743
266,Charlie,Williams,charlie.williams266@example.com,555-344-2363
267,Alice,Doe,alice.doe267@example.com,555-945-4680
268,Diana,Miller,diana.miller268@example.com,555-842-3320
269,Charlie,Johnson,charlie.johnson269@example.com,555-120-6639
270,Diana,Miller,diana.miller270@example.com,555-924-7911
271,Charlie,Rodriguez,charlie.rodriguez271@example.com,555-303-7825
272,Grace,Jones,grace.jones272@example.com,555-352-3769
273,Jane,Johnson,jane.johnson273@example.com,555-477-6004
274,Charlie,Doe,charlie.doe274@example.com,555-538-5737
275,Alice,Davis,alice.davis275@example.com,555-364-6737
276,Charlie,Smith,charlie.smith276@example.com,555-289-5132
277,Eve,Johnson,eve.johnson277@example.com,555-530-4554
278,Henry,Rodriguez,henry.rodriguez278@example.com,555-742-8258
279,Alice,Williams,alice.williams279@example.com,555-479-8266
280,Frank,Doe,frank.doe280@example.com,555-748-8612
281,Diana,Rodriguez,diana.rodriguez281@example.com,555-588-1666
282,Grace,Davis,grace.davis282@example.com,555-745-1454
283,Bob,Rodriguez,bob.rodriguez283@example.com,555-789-3152
284,Eve,Williams,eve.williams284@example.com,555-495-3316
285,Alice,Garcia,alice.garcia285@example.com,555-676-9471
286,Grace,Garcia,grace.garcia286@example.com,555-136-6750
287,Bob,Doe,bob.doe287@example.com,555-359-3227
288,Frank,Brown,frank.brown288@example.com,555-376-8045
289,Charlie,Williams,charlie.williams289@example.com,555-997-8579
290,Bob,Rodriguez,bob.rodriguez290@example.com,555-954-2637
291,Jane,Rodriguez,jane.rodriguez291@example.com,555-568-8544
292,Diana,Doe,diana.doe292@example.com,555-975-2643
293,Henry,Rodriguez,henry.rodriguez293@example.com,555-688-2202
294,Bob,Rodriguez,bob.rodriguez294@example.com,555-701-5927
295,Jane,Doe,jane.doe295@example.com,555-883-9919
296,Grace,Doe,grace.doe296@example.com,555-697-5232
297,Charlie,Jones,charlie.jones297@example.com,555-498-7238
298,Grace,Doe,grace.doe298@example.com,555-553-9284
299,Diana,Garcia,diana.garcia299@example.com,555-270-6773
300,Jane,Davis,jane.davis300@example.com,555-138-3527
301,Frank,Smith,frank.smith301@example.com,555-295-2792
302,Henry,Williams,henry.williams302@example.com,555-226-6136
303,Jane,Jones,jane.jones303@example.com,555-522-7043
304,Bob,Miller,bob.miller304@example.com,555-114-7681
305,Henry,Davis,henry.davis305@example.com,555-324-5052
306,Henry,Brown,henry.brown306@example.com,555-169-8702
307,Bob,Jones,bob.jones307@example.com,555-913-8092
308,Diana,Garcia,diana.garcia308@example.com,555-479-2194
309,Eve,Doe,eve.doe309@example.com,555-510-9980
310,Eve,Doe,eve.doe310@example.com,555-218-4343
311,Grace,Davis,grace.davis311@example.com,555-882-3242
312,Jane,Brown,jane.brown312@example.com,555-872-2412
313,Jane,Smith,jane.smith313@example.com,555-264-5579
314,Grace,Miller,grace.miller314@example.com,555-559-4838
315,Frank,Jones,frank.jones315@example.com,555-186-4352
316,Charlie,Rodriguez,charlie.rodriguez316@example.com,555-202-7426
317,Bob,Miller,bob.miller317@example.com,555-931-1651
318,Grace,Williams,grace.williams318@example.com,555-742-6182
319,Eve,Garcia,eve.garcia319@example.com,555-334-9160
320,John,Williams,john.williams320@example.com,555-198-8317
321,Grace,Miller,grace.miller321@example.com,555-732-4583
322,Alice,Davis,alice.davis322@example.com,555-610-6601
323,John,Miller,john.miller323@example.com,555-570-9670
324,Alice,Garcia,alice.garcia324@example.com,555-921-3985
325,John,Miller,john.miller325@example.com,555-688-2072
326,Charlie,Williams,charlie.williams326@example.com,555-814-1010
327,Frank,Doe,frank.doe327@example.com,555-674-3122
328,Alice,Williams,alice.williams328@example.com,555-457-6648
329,Henry,Jones,henry.jones329@example.com,555-594-9210
330,Frank,Doe,frank.doe330@example.com,555-910-1124
331,Jane,Miller,jane.miller331@example.com,555-367-6033
332,Grace,Smith,grace.smith332@example.com,555-789-4628
333,Eve,Brown,eve.brown333@example.com,555-563-1008
334,Henry,Brown,henry.brown334@example.com,555-833-8960
335,Bob,Doe,bob.doe335@example.com,555-914-6875
336,John,Jones,john.jones336@example.com,555-797-5344
337,Eve,Williams,eve.williams337@example.com,555-709-9899
338,Charlie,Jones,charlie.jones338@example.com,555-565-5145
339,Charlie,Davis,charlie.davis339@example.com,555-715-6125
340,Frank,Smith,frank.smith340@example.com,555-853-1679
341,Eve,Williams,eve.williams341@example.com,555-490-1030
342,Henry,Johnson,henry.johnson342@example.com,555-311-9450
343,Bob,Davis,bob.davis343@example.com,555-234-1960
344,Bob,Smith,bob.smith344@example.com,555-121-9027
345,Henry,Smith,henry.smith345@example.com,555-216-7147
346,Eve,Davis,eve.davis346@example.com,555-992-2861
347,Frank,Jones,frank.jones347@example.com,555-844-6799
348,Bob,Williams,bob.williams348@example.com,555-162-8238
349,Frank,Rodriguez,frank.rodriguez349@example.com,555-668-9350
350,Frank,Doe,frank.doe350@example.com,555-269-9485
351,John,Johnson,john.johnson351@example.com,555-186-9620
352,Jane,Doe,jane.doe352@example.com,555-837-2643
353,Henry,Rodriguez,henry.rodriguez353@example.com,555-349-9024
354,Jane,Doe,jane.doe354@example.com,555-866-8484
355,Jane,Davis,jane.davis355@example.com,555-116-8946
356,John,Miller,john.miller356@example.com,555-455-1085
357,John,Williams,john.williams357@example.com,555-488-2205
358,Diana,Garcia,diana.garcia358@example.com,555-251-8221
359,Eve,Jones,eve.jones359@example.com,555-238-4972
360,Henry,Miller,henry.miller360@example.com,555-150-8077
361,Alice,Miller,alice.miller361@example.com,555-234-4670
362,John,Doe,john.doe362@example.com,555-625-5210
363,Eve,Doe,eve.doe363@example.com,555-109-4243
364,Henry,Doe,henry.doe364@example.com,555-657-4031
365,Charlie,Williams,charlie.williams365@example.com,555-656-5814
366,John,Brown,john.brown366@example.com,555-268-2318
367,Henry,Davis,henry.davis367@example.com,555-290-5842
368,Jane,Davis,jane.davis368@example.com,555-352-9357
369,Alice,Davis,alice.davis369@example.com,555-869-2215
370,Henry,Miller,henry.miller370@example.com,555-397-3067
371,John,Davis,john.davis371@example.com,555-937-6069
372,Bob,Miller,bob.miller372@example.com,555-799-5210
373,Frank,Smith,frank.smith373@example.com,555-947-8021
374,Jane,Brown,jane.brown374@example.com,555-168-8803
375,Charlie,Johnson,charlie.johnson375@example.com,555-978-7517
376,Eve,Johnson,eve.johnson376@example.com,555-290-3232
377,Alice,Garcia,alice.garcia377@example.com,555-597-2482
378,Diana,Rodriguez,diana.rodriguez378@example.com,555-419-7058
379,John,Miller,john.miller379@example.com,555-262-6004
380,Alice,Garcia,alice.garcia380@example.com,555-507-7921
381,Bob,Smith,bob.smith381@example.com,555-368-2383
382,John,Jones,john.jones382@example.com,555-973-3778
383,Frank,Williams,frank.williams383@example.com,555-426-9558
384,Henry,Johnson,henry.johnson384@example.com,555-817-1992
385,Henry,Williams,henry.williams385@example.com,555-886-2680
386,Grace,Brown,grace.brown386@example.com,555-398-6781
387,Diana,Rodriguez,diana.rodriguez387@example.com,555-146-5725
388,Diana,Brown,diana.brown388@example.com,555-885-8063
389,John,Johnson,john.johnson389@example.com,555-473-9584
390,John,Garcia,john.garcia390@example.com,555-188-8333
391,Eve,Smith,eve.smith391@example.com,555-418-2355
392,Grace,Davis,grace.davis392@example.com,555-256-3905
393,Eve,Johnson,eve.johnson393@example.com,555-531-8415
394,Diana,Jones,diana.jones394@example.com,555-443-1798
395,Bob,Davis,bob.davis395@example.com,555-240-6251
396,Charlie,Brown,charlie.brown396@example.com,555-118-5609
397,Alice,Garcia,alice.garcia397@example.com,555-441-6834
398,Diana,Doe,diana.doe398@example.com,555-899-2962
399,Charlie,Brown,charlie.brown399@example.com,555-451-9760
400,Eve,Williams,eve.williams400@example.com,555-720-9065
401,Eve,Rodriguez,eve.rodriguez401@example.com,555-798-2635
402,Frank,Miller,frank.miller402@example.com,555-398-2435
403,Alice,Garcia,alice.garcia403@example.com,555-504-5891
404,Alice,Doe,alice.doe404@example.com,555-722-4588
405,Jane,Jones,jane.jones405@example.com,555-440-7715
406,Frank,Smith,frank.smith406@example.com,555-226-6123
407,Grace,Johnson,grace.johnson407@example.com,555-147-9912
408,Jane,Davis,jane.davis408@example.com,555-688-9731
409,Jane,Smith,jane.smith409@example.com,555-838-1767
410,Charlie,Rodriguez,charlie.rodriguez410@example.com,555-206-4382
411,Bob,Doe,bob.doe411@example.com,555-589-6352
412,Eve,Miller,eve.miller412@example.com,555-676-7938
413,Henry,Davis,henry.davis413@example.com,555-462-4999
414,Charlie,Garcia,charlie.garcia414@example.com,555-557-9894
415,Alice,Johnson,alice.johnson415@example.com,555-979-6383
416,Frank,Miller,frank.miller416@example.com,555-133-1739
417,Jane,Johnson,jane.johnson417@example.com,555-343-1031
418,Frank,Miller,frank.miller418@example.com,555-603-8612
419,Bob,Smith,bob.smith419@example.com,555-385-4255
420,John,Johnson,john.johnson420@example.com,555-376-1936
421,Jane,Rodriguez,jane.rodriguez421@example.com,555-511-8857
422,Eve,Brown,eve.brown422@example.com,555-358-2461
423,Charlie,Miller,charlie.miller423@example.com,555-583-3466
424,Bob,Rodriguez,bob.rodriguez424@example.com,555-698-2164
425,Alice,Garcia,alice.garcia425@example.com,555-889-9064
426,John,Doe,john.doe426@example.com,555-806-1865
427,Bob,Davis,bob.davis427@example.com,555-723-7235
428,John,Jones,john.jones428@example.com,555-943-5898
429,Frank,Doe,frank.doe429@example.com,555-975-8405
430,Jane,Davis,jane.davis430@example.com,555-356-8661
431,Jane,Doe,jane.doe431@example.com,555-676-1004
432,Alice,Miller,alice.miller432@example.com,555-148-2292
433,Grace,Garcia,grace.garcia433@example.com,555-752-1365
434,Jane,Jones,jane.jones434@example.com,555-439-3089
435,Alice,Williams,alice.williams435@example.com,555-851-7376
436,Diana,Miller,diana.miller436@example.com,555-505-5580
437,Diana,Rodriguez,diana.rodriguez437@example.com,555-474-9576
438,John,Johnson,john.johnson438@example.com,555-293-7714
439,Grace,Williams,grace.williams439@example.com,555-624-1369
440,Frank,Williams,frank.williams440@example.com,555-198-3597
441,Eve,Doe,eve.doe441@example.com,555-808-6986
442,Frank,Brown,frank.brown442@example.com,555-585-3752
443,Jane,Smith,jane.smith443@example.com,555-621-4123
444,Grace,Rodriguez,grace.rodriguez444@example.com,555-893-9026
445,Eve,Rodriguez,eve.rodriguez445@example.com,555-312-3197
446,Charlie,Davis,charlie.davis446@example.com,555-105-6632
447,Frank,Brown,frank.brown447@example.com,555-224-1574
448,Grace,Davis,grace.davis448@example.com,555-777-1220
449,Alice,Davis,alice.davis449@example.com,555-929-9764
450,Bob,Johnson,bob.johnson450@example.com,555-929-2162
451,Grace,Jones,grace.jones451@example.com,555-340-5703
452,Bob,Davis,bob.davis452@example.com,555-564-4111
453,Diana,Smith,diana.smith453@example.com,555-209-5177
454,Grace,Johnson,grace.johnson454@example.com,555-525-7251
455,John,Smith,john.smith455@example.com,555-473-3879
456,Diana,Jones,diana.jones456@example.com,555-469-7029
457,Grace,Doe,grace.doe457@example.com,555-591-6606
458,Eve,Doe,eve.doe458@example.com,555-346-2603
459,Frank,Rodriguez,frank.rodriguez459@example.com,555-946-6424
460,Frank,Miller,frank.miller460@example.com,555-629-1481
461,Grace,Johnson,grace.johnson461@example.com,555-257-7303
462,Alice,Garcia,alice.garcia462@example.com,555-304-9286
463,John,Williams,john.williams463@example.com,555-785-3590
464,Diana,Rodriguez,diana.rodriguez464@example.com,555-121-3244
465,Frank,Brown,frank.brown465@example.com,555-138-2621
466,Alice,Rodriguez,alice.rodriguez466@example.com,555-905-1535
467,Alice,Rodriguez,alice.rodriguez467@example.com,555-470-9739
468,Alice,Doe,alice.doe468@example.com,555-609-5122
469,Henry,Johnson,henry.johnson469@example.com,555-888-6499
470,Eve,Williams,eve.williams470@example.com,555-175-6015
471,Diana,Jones,diana.jones471@example.com,555-394-4897
472,Jane,Rodriguez,jane.rodriguez472@example.com,555-713-9765
473,Charlie,Miller,charlie.miller473@example.com,555-858-5540
474,Jane,Jones,jane.jones474@example.com,555-485-4257
475,Bob,Smith,bob.smith475@example.com,555-244-3348
476,Henry,Miller,henry.miller476@example.com,555-943-5856
477,John,Doe,john.doe477@example.com,555-170-6642
478,Grace,Garcia,grace.garcia478@example.com,555-106-3792
479,Jane,Doe,jane.doe479@example.com,555-706-8060
480,Charlie,Rodriguez,charlie.rodriguez480@example.com,555-426-3172
481,Frank,Brown,frank.brown481@example.com,555-107-3560
482,Alice,Rodriguez,alice.rodriguez482@example.com,555-403-5879
483,Grace,Rodriguez,grace.rodriguez483@example.com,555-356-3885
484,Jane,Williams,jane.williams484@example.com,555-140-6237
485,Alice,Miller,alice.miller485@example.com,555-867-9351
486,Bob,Smith,bob.smith486@example.com,555-316-4031
487,Diana,Davis,diana.davis487@example.com,555-195-1874
488,Grace,Williams,grace.williams488@example.com,555-852-2909
489,Alice,Brown,alice.brown489@example.com,555-805-3900
490,Alice,Doe,alice.doe490@example.com,555-494-5915
491,Henry,Davis,henry.davis491@example.com,555-670-8668
492,Alice,Miller,alice.miller492@example.com,555-967-8542
493,Charlie,Jones,charlie.jones493@example.com,555-323-4359
494,Grace,Miller,grace.miller494@example.com,555-886-6366
495,Eve,Miller,eve.miller495@example.com,555-235-7439
496,Jane,Doe,jane.doe496@example.com,555-638-7548
497,Alice,Miller,alice.miller497@example.com,555-733-8188
498,Alice,Brown,alice.brown498@example.com,555-515-6786
499,Henry,Brown,henry.brown499@example.com,555-722-3245
500,Bob,Johnson,bob.johnson500@example.com,555-377-3463
501,John,Davis,john.davis501@example.com,555-166-7077
502,Eve,Garcia,eve.garcia502@example.com,555-951-3394
503,Alice,Smith,alice.smith503@example.com,555-688-1720
504,Charlie,Miller,charlie.miller504@example.com,555-457-1884
505,Bob,Rodriguez,bob.rodriguez505@example.com,555-177-8325
506,John,Brown,john.brown506@example.com,555-753-8889
507,John,Davis,john.davis507@example.com,555-109-2003
508,Eve,Doe,eve.doe508@example.com,555-797-8717
509,John,Miller,john.miller509@example.com,555-689-4149
510,Charlie,Rodriguez,charlie.rodriguez510@example.com,555-127-5080
511,Henry,Smith,henry.smith511@example.com,555-977-5184
512,Henry,Smith,henry.smith512@example.com,555-648-5227
513,Frank,Brown,frank.brown513@example.com,555-858-8650
514,Eve,Jones,eve.jones514@example.com,555-649-2266
515,Charlie,Davis,charlie.davis515@example.com,555-865-2178
516,Bob,Garcia,bob.garcia516@example.com,555-828-6697
517,Henry,Jones,henry.jones517@example.com,555-230-3924
518,Alice,Jones,alice.jones518@example.com,555-648-2306
519,Diana,Jones,diana.jones519@example.com,555-793-8996
520,Henry,Jones,henry.jones520@example.com,555-859-2051
521,Diana,Davis,diana.davis521@example.com,555-392-9815
522,Frank,Rodriguez,frank.rodriguez522@example.com,555-919-6210
523,Alice,Davis,alice.davis523@example.com,555-335-3215
524,Eve,Smith,eve.smith524@example.com,555-574-1418
525,Jane,Smith,jane.smith525@example.com,555-406-4430
526,John,Williams,john.williams526@example.com,555-127-1933
527,Bob,Rodriguez,bob.rodriguez527@example.com,555-970-2751
528,Jane,Smith,jane.smith528@example.com,555-844-1201
529,Alice,Miller,alice.miller529@example.com,555-116-6793
530,Grace,Rodriguez,grace.rodriguez530@example.com,555-710-1165
531,Bob,Williams,bob.williams531@example.com,555-327-9933
532,Henry,Rodriguez,henry.rodriguez532@example.com,555-882-3603
533,Eve,Brown,eve.brown533@example.com,555-938-4325
534,Alice,Johnson,alice.johnson534@example.com,555-503-8940
535,Alice,Brown,alice.brown535@example.com,555-739-5893
536,Diana,Williams,diana.williams536@example.com,555-964-4458
537,Eve,Williams,eve.williams537@example.com,555-540-2588
538,Diana,Davis,diana.davis538@example.com,555-338-5446
539,Diana,Miller,diana.miller539@example.com,555-457-4161
540,Alice,Williams,alice.williams540@example.com,555-188-3768
541,Grace,Smith,grace.smith541@example.com,555-856-2839
542,Diana,Johnson,diana.johnson542@example.com,555-293-2245
543,Alice,Garcia,alice.garcia543@example.com,555-611-5379
544,Grace,Brown,grace.brown544@example.com,555-798-9408
545,Jane,Rodriguez,jane.rodriguez545@example.com,555-874-5898
546,Grace,Davis,grace.davis546@example.com,555-476-5083
547,Alice,Doe,alice.doe547@example.com,555-790-1838
548,Eve,Doe,eve.doe548@example.com,555-709-3700
549,Henry,Williams,henry.williams549@example.com,555-685-3496
550,Alice,Rodriguez,alice.rodriguez550@example.com,555-648-4251
551,Diana,Williams,diana.williams551@example.com,555-332-8188
552,Charlie,Davis,charlie.davis552@example.com,555-144-4280
553,Grace,Smith,grace.smith553@example.com,555-192-2674
554,Charlie,Brown,charlie.brown554@example.com,555-204-6247
555,Alice,Johnson,alice.johnson555@example.com,555-156-6568
556,Alice,Miller,alice.miller556@example.com,555-173-3629
557,Jane,Garcia,jane.garcia557@example.com,555-686-3123
558,Alice,Davis,alice.davis558@example.com,555-181-3257
559,Grace,Brown,grace.brown559@example.com,555-373-5917
560,Alice,Jones,alice.jones560@example.com,555-346-7670
561,Frank,Jones,frank.jones561@example.com,555-391-6373
562,Eve,Williams,eve.williams562@example.com,555-617-6437
563,Grace,Johnson,grace.johnson563@example.com,555-120-8940
564,Charlie,Doe,charlie.doe564@example.com,555-531-7549
565,Eve,Brown,eve.brown565@example.com,555-173-4244
566,Jane,Brown,jane.brown566@example.com,555-935-4013
567,Eve,Rodriguez,eve.rodriguez567@example.com,555-734-6569
568,Diana,Smith,diana.smith568@example.com,555-461-3342
569,Henry,Garcia,henry.garcia569@example.com,555-112-8009
570,Grace,Smith,grace.smith570@example.com,555-360-1979
571,Jane,Johnson,jane.johnson571@example.com,555-591-9365
572,Grace,Garcia,grace.garcia572@example.com,555-240-3834
573,Alice,Brown,alice.brown573@example.com,555-312-9568
574,Henry,Johnson,henry.johnson574@example.com,555-216-2585
575,Henry,Doe,henry.doe575@example.com,555-743-2780
576,Bob,Smith,bob.smith576@example.com,555-136-1979
577,Henry,Johnson,henry.johnson577@example.com,555-757-7010
578,Henry,Smith,henry.smith578@example.com,555-744-7435
579,Frank,Doe,frank.doe579@example.com,555-243-6728
580,Grace,Davis,grace.davis580@example.com,555-247-3182
581,Henry,Brown,henry.brown581@example.com,555-365-9690
582,Henry,Jones,henry.jones582@example.com,555-932-1507
583,Bob,Brown,bob.brown583@example.com,555-608-8299
584,Grace,Johnson,grace.johnson584@example.com,555-888-6491
585,Alice,Smith,alice.smith585@example.com,555-892-4858
586,John,Brown,john.brown586@example.com,555-665-3338
587,Alice,Williams,alice.williams587@example.com,555-277-5272
588,John,Davis,john.davis588@example.com,555-957-8430
589,Frank,Rodriguez,frank.rodriguez589@example.com,555-434-6358
590,Charlie,Miller,charlie.miller590@example.com,555-648-9053
591,Grace,Rodriguez,grace.rodriguez591@example.com,555-421-1249
592,Diana,Williams,diana.williams592@example.com,555-745-1025
593,Bob,Doe,bob.doe593@example.com,555-620-2800
594,Henry,Doe,henry.doe594@example.com,555-589-7021
595,Diana,Rodriguez,diana.rodriguez595@example.com,555-610-1057
596,Alice,Jones,alice.jones596@example.com,555-665-5702
597,Alice,Miller,alice.miller597@example.com,555-245-9897
598,Jane,Williams,jane.williams598@example.com,555-512-4684
599,Jane,Jones,jane.jones599@example.com,555-966-6075
600,Henry,Brown,henry.brown600@example.com,555-578-2888
601,Frank,Smith,frank.smith601@example.com,555-848-2021
602,Grace,Garcia,grace.garcia602@example.com,555-185-9278
603,Eve,Davis,eve.davis603@example.com,555-712-8360
604,Bob,Rodriguez,bob.rodriguez604@example.com,555-444-5490
605,Bob,Doe,bob.doe605@example.com,555-192-9190
606,Alice,Johnson,alice.johnson606@example.com,555-211-4028
607,Jane,Brown,jane.brown607@example.com,555-127-1252
608,Grace,Brown,grace.brown608@example.com,555-151-4237
609,Frank,Davis,frank.davis609@example.com,555-734-3663
610,John,Rodriguez,john.rodriguez610@example.com,555-596-1322
611,Frank,Miller,frank.miller611@example.com,555-937-4232
612,John,Williams,john.williams612@example.com,555-217-9246
613,Alice,Williams,alice.williams613@example.com,555-654-5826
614,Bob,Garcia,bob.garcia614@example.com,555-737-3729
615,John,Brown,john.brown615@example.com,555-896-2216
616,Henry,Davis,henry.davis616@example.com,555-977-4205
617,Alice,Davis,alice.davis617@example.com,555-168-5490
618,Grace,Davis,grace.davis618@example.com,555-984-5732
619,John,Brown,john.brown619@example.com,555-923-2470
620,Jane,Garcia,jane.garcia620@example.com,555-281-1013
621,Jane,Johnson,jane.johnson621@example.com,555-122-8096
622,Frank,Garcia,frank.garcia622@example.com,555-795-4671
623,Grace,Davis,grace.davis623@example.com,555-633-6596
624,Eve,Garcia,eve.garcia624@example.com,555-116-2794
625,Jane,Miller,jane.miller625@example.com,555-984-3144
626,Alice,Smith,alice.smith626@example.com,555-821-7122
627,Henry,Jones,henry.jones627@example.com,555-864-8165
628,Eve,Doe,eve.doe628@example.com,555-315-2757
629,Diana,Smith,diana.smith629@example.com,555-822-6029
630,Henry,Williams,henry.williams630@example.com,555-325-9289
631,Charlie,Rodriguez,charlie.rodriguez631@example.com,555-182-8235
632,Charlie,Jones,charlie.jones632@example.com,555-839-8441
633,Charlie,Jones,charlie.jones633@example.com,555-497-3424
634,Henry,Smith,henry.smith634@example.com,555-120-8023
635,Eve,Williams,eve.williams635@example.com,555-231-7946
636,Bob,Miller,bob.miller636@example.com,555-984-9672
637,Henry,Brown,henry.brown637@example.com,555-581-1588
638,Bob,Jones,bob.jones638@example.com,555-386-4093
639,John,Miller,john.miller639@example.com,555-487-6410
640,Alice,Johnson,alice.johnson640@example.com,555-843-3654
641,Charlie,Smith,charlie.smith641@example.com,555-695-4019
642,Charlie,Smith,charlie.smith642@example.com,555-788-7783
643,Charlie,Johnson,charlie.johnson643@example.com,555-467-8632
644,John,Johnson,john.johnson644@example.com,555-431-1364
645,Henry,Rodriguez,henry.rodriguez645@example.com,555-783-7185
646,Diana,Jones,diana.jones646@example.com,555-243-9974
647,Charlie,Garcia,charlie.garcia647@example.com,555-856-3372
648,John,Miller,john.miller648@example.com,555-819-7949
649,Frank,Jones,frank.jones649@example.com,555-193-5391
650,Henry,Miller,henry.miller650@example.com,555-482-7165
651,Diana,Garcia,diana.garcia651@example.com,555-906-3579
652,Diana,Williams,diana.williams652@example.com,555-929-8243
653,Diana,Jones,diana.jones653@example.com,555-623-5657
654,Charlie,Brown,charlie.brown654@example.com,555-499-2839
655,Eve,Johnson,eve.johnson655@example.com,555-925-7662
656,Diana,Jones,diana.jones656@example.com,555-580-5162
657,Jane,Smith,jane.smith657@example.com,555-833-6056
658,Eve,Davis,eve.davis658@example.com,555-978-6886
659,Jane,Williams,jane.williams659@example.com,555-931-1199
660,Henry,Brown,henry.brown660@example.com,555-642-8147
661,Charlie,Williams,charlie.williams661@example.com,555-923-6679
662,Diana,Davis,diana.davis662@example.com,555-319-8461
663,Alice,Davis,alice.davis663@example.com,555-291-1931
664,Jane,Rodriguez,jane.rodriguez664@example.com,555-189-5128
665,Diana,Rodriguez,diana.rodriguez665@example.com,555-850-1409
666,Grace,Rodriguez,grace.rodriguez666@example.com,555-611-1687
667,Eve,Johnson,eve.johnson667@example.com,555-817-9762
668,John,Davis,john.davis668@example.com,555-561-5766
669,Alice,Miller,alice.miller669@example.com,555-662-5336
670,Frank,Johnson,frank.johnson670@example.com,555-110-6221
671,Grace,Doe,grace.doe671@example.com,555-420-2831
672,Grace,Rodriguez,grace.rodriguez672@example.com,555-347-5725
673,Grace,Davis,grace.davis673@example.com,555-248-2502
674,Alice,Johnson,alice.johnson674@example.com,555-457-1690
675,Diana,Jones,diana.jones675@example.com,555-186-9717
676,Diana,Johnson,diana.johnson676@example.com,555-419-5817
677,Jane,Smith,jane.smith677@example.com,555-580-3790
678,Alice,Williams,alice.williams678@example.com,555-197-8657
679,Alice,Doe,alice.doe679@example.com,555-529-1231
680,Bob,Doe,bob.doe680@example.com,555-477-9868
681,John,Johnson,john.johnson681@example.com,555-431-2764
682,Charlie,Garcia,charlie.garcia682@example.com,555-397-6412
683,Bob,Doe,bob.doe683@example.com,555-217-8310
684,Jane,Brown,jane.brown684@example.com,555-891-1208
685,John,Rodriguez,john.rodriguez685@example.com,555-609-7632
686,Eve,Williams,eve.williams686@example.com,555-507-9214
687,John,Williams,john.williams687@example.com,555-810-7734
688,Frank,Miller,frank.miller688@example.com,555-828-1648
689,Henry,Williams,henry.williams689@example.com,555-787-4374
690,Frank,Garcia,frank.garcia690@example.com,555-231-2889
691,Alice,Brown,alice.brown691@example.com,555-622-7064
692,Grace,Rodriguez,grace.rodriguez692@example.com,555-905-3183
693,Alice,Miller,alice.miller693@example.com,555-717-3264
694,John,Jones,john.jones694@example.com,555-177-9440
695,Charlie,Williams,charlie.williams695@example.com,555-956-5528
696,Frank,Williams,frank.williams696@example.com,555-907-4414
697,John,Johnson,john.johnson697@example.com,555-696-9528
698,Jane,Brown,jane.brown698@example.com,555-542-2213
699,Bob,Rodriguez,bob.rodriguez699@example.com,555-901-2848
700,Henry,Johnson,henry.johnson700@example.com,555-826-8097
701,Diana,Garcia,diana.garcia701@example.com,555-672-5266
702,Bob,Doe,bob.doe702@example.com,555-543-4379
703,Eve,Johnson,eve.johnson703@example.com,555-789-7482
704,Frank,Garcia,frank.garcia704@example.com,555-859-2171
705,Henry,Jones,henry.jones705@example.com,555-774-5711
706,Alice,Miller,alice.miller706@example.com,555-655-2244
707,Charlie,Williams,charlie.williams707@example.com,555-438-9817
708,Charlie,Rodriguez,charlie.rodriguez708@example.com,555-690-9892
709,Bob,Doe,bob.doe709@example.com,555-934-3266
710,Henry,Brown,henry.brown710@example.com,555-795-2939
711,Eve,Johnson,eve.johnson711@example.com,555-643-6791
712,Jane,Smith,jane.smith712@example.com,555-352-9105
713,Grace,Doe,grace.doe713@example.com,555-541-5854
714,John,Brown,john.brown714@example.com,555-317-4618
715,Diana,Rodriguez,diana.rodriguez715@example.com,555-181-7992
716,Eve,Miller,eve.miller716@example.com,555-544-9011
717,Diana,Williams,diana.williams717@example.com,555-407-6317
718,John,Doe,john.doe718@example.com,555-420-7523
719,Jane,Garcia,jane.garcia719@example.com,555-396-7540
720,Grace,Smith,grace.smith720@example.com,555-405-6125
721,Charlie,Brown,charlie.brown721@example.com,555-189-9450
722,Frank,Brown,frank.brown722@example.com,555-917-2930
723,Henry,Smith,henry.smith723@example.com,555-826-6416
724,Grace,Smith,grace.smith724@example.com,555-997-9313
725,Diana,Doe,diana.doe725@example.com,555-927-8487
726,Charlie,Williams,charlie.williams726@example.com,555-540-1105
727,Henry,Davis,henry.davis727@example.com,555-805-5444
728,Jane,Garcia,jane.garcia728@example.com,555-602-2243
729,Eve,Williams,eve.williams729@example.com,555-522-9014
730,Bob,Rodriguez,bob.rodriguez730@example.com,555-354-9330
731,Charlie,Rodriguez,charlie.rodriguez731@example.com,555-368-7021
732,John,Davis,john.davis732@example.com,555-348-7732
733,Eve,Jones,eve.jones733@example.com,555-302-3251
734,Frank,Williams,frank.williams734@example.com,555-659-6856
735,John,Davis,john.davis735@example.com,555-587-4044
736,Frank,Smith,frank.smith736@example.com,555-368-7967
737,Alice,Smith,alice.smith737@example.com,555-176-9095
738,Eve,Brown,eve.brown738@example.com,555-269-8876
739,Frank,Doe,frank.doe739@example.com,555-814-8412
740,John,Jones,john.jones740@example.com,555-134-8974
741,Alice,Rodriguez,alice.rodriguez741@example.com,555-880-5917
742,Henry,Smith,henry.smith742@example.com,555-459-8571
743,Jane,Miller,jane.miller743@example.com,555-965-9671
744,Charlie,Doe,charlie.doe744@example.com,555-595-8060
745,John,Williams,john.williams745@example.com,555-531-2224
746,Eve,Johnson,eve.johnson746@example.com,555-989-6310
747,Alice,Garcia,alice.garcia747@example.com,555-265-3536
748,Bob,Davis,bob.davis748@example.com,555-174-2268
749,Bob,Garcia,bob.garcia749@example.com,555-198-7329
750,Diana,Brown,diana.brown750@example.com,555-269-5063
751,Bob,Miller,bob.miller751@example.com,555-746-8385
752,John,Garcia,john.garcia752@example.com,555-334-5144
753,Jane,Smith,jane.smith753@example.com,555-704-9821
754,Frank,Miller,frank.miller754@example.com,555-631-6938
755,Bob,Miller,bob.miller755@example.com,555-958-3517
756,Alice,Jones,alice.jones756@example.com,555-961-8154
757,Alice,Garcia,alice.garcia757@example.com,555-234-9717
758,John,Jones,john.jones758@example.com,555-187-4233
759,Grace,Johnson,grace.johnson759@example.com,555-180-9575
760,John,Brown,john.brown760@example.com,555-417-8126
761,Jane,Smith,jane.smith761@example.com,555-609-3803
762,Charlie,Jones,charlie.jones762@example.com,555-818-5229
763,Charlie,Doe,charlie.doe763@example.com,555-825-4544
764,Diana,Miller,diana.miller764@example.com,555-103-4724
765,Diana,Doe,diana.doe765@example.com,555-497-5466
766,John,Rodriguez,john.rodriguez766@example.com,555-581-8699
767,Charlie,Williams,charlie.williams767@example.com,555-581-7468
768,John,Jones,john.jones768@example.com,555-170-7305
769,Charlie,Rodriguez,charlie.rodriguez769@example.com,555-183-9621
770,Bob,Jones,bob.jones770@example.com,555-355-1227
771,Jane,Smith,jane.smith771@example.com,555-462-6861
772,Henry,Jones,henry.jones772@example.com,555-623-2798
773,Frank,Smith,frank.smith773@example.com,555-663-6286
774,Frank,Garcia,frank.garcia774@example.com,555-802-9394
775,Diana,Jones,diana.jones775@example.com,555-143-5069
776,Henry,Johnson,henry.johnson776@example.com,555-994-1775
777,Jane,Garcia,jane.garcia777@example.com,555-166-8471
778,Frank,Rodriguez,frank.rodriguez778@example.com,555-918-1376
779,Frank,Garcia,frank.garcia779@example.com,555-673-2758
780,Alice,Brown,alice.brown780@example.com,555-805-4252
781,Frank,Brown,frank.brown781@example.com,555-165-7868
782,Jane,Johnson,jane.johnson782@example.com,555-195-5138
783,Eve,Miller,eve.miller783@example.com,555-969-4709
784,Grace,Jones,grace.jones784@example.com,555-736-8194
785,Jane,Miller,jane.miller785@example.com,555-271-8230
786,Jane,Williams,jane.williams786@example.com,555-698-5352
787,Bob,Brown,bob.brown787@example.com,555-706-7674
788,Diana,Williams,diana.williams788@example.com,555-878-6042
789,Bob,Johnson,bob.johnson789@example.com,555-721-1249
790,Charlie,Brown,charlie.brown790@example.com,555-907-6879
791,Eve,Miller,eve.miller791@example.com,555-330-3856
792,Jane,Williams,jane.williams792@example.com,555-625-1695
793,Grace,Rodriguez,grace.rodriguez793@example.com,555-592-7798
794,Bob,Williams,bob.williams794@example.com,555-171-2175
795,Charlie,Jones,charlie.jones795@example.com,555-238-8394
796,Diana,Doe,diana.doe796@example.com,555-882-9156
797,Diana,Doe,diana.doe797@example.com,555-108-7008
798,Charlie,Miller,charlie.miller798@example.com,555-295-3324
799,Bob,Garcia,bob.garcia799@example.com,555-664-9411
800,Bob,Davis,bob.davis800@example.com,555-460-3330
801,John,Davis,john.davis801@example.com,555-198-3097
802,Bob,Williams,bob.williams802@example.com,555-110-6865
803,Eve,Smith,eve.smith803@example.com,555-731-7316
804,Charlie,Doe,charlie.doe804@example.com,555-856-9189
805,Frank,Miller,frank.miller805@example.com,555-935-2645
806,Alice,Garcia,alice.garcia806@example.com,555-170-6535
807,Bob,Garcia,bob.garcia807@example.com,555-774-6441
808,Grace,Smith,grace.smith808@example.com,555-650-3831
809,John,Johnson,john.johnson809@example.com,555-450-7206
810,Alice,Garcia,alice.garcia810@example.com,555-123-1025
811,Charlie,Garcia,charlie.garcia811@example.com,555-698-8700
812,Grace,Jones,grace.jones812@example.com,555-276-8795
813,John,Rodriguez,john.rodriguez813@example.com,555-804-1445
814,Alice,Brown,alice.brown814@example.com,555-917-5963
815,Henry,Johnson,henry.johnson815@example.com,555-428-8407
816,Frank,Williams,frank.williams816@example.com,555-918-7434
817,Charlie,Williams,charlie.williams817@example.com,555-406-2542
818,Henry,Garcia,henry.garcia818@example.com,555-341-8733
819,Jane,Brown,jane.brown819@example.com,555-391-5140
820,Eve,Johnson,eve.johnson820@example.com,555-227-1176
821,Jane,Davis,jane.davis821@example.com,555-881-4387
822,Frank,Smith,frank.smith822@example.com,555-231-8283
823,Grace,Brown,grace.brown823@example.com,555-182-4640
824,Jane,Garcia,jane.garcia824@example.com,555-250-5199
825,Diana,Johnson,diana.johnson825@example.com,555-256-1951
826,Jane,Williams,jane.williams826@example.com,555-729-8591
827,Charlie,Garcia,charlie.garcia827@example.com,555-239-9283
828,Frank,Doe,frank.doe828@example.com,555-737-4033
829,Grace,Miller,grace.miller829@example.com,555-548-5620
830,Charlie,Jones,charlie.jones830@example.com,555-285-9492
831,Grace,Johnson,grace.johnson831@example.com,555-160-4144
832,Grace,Rodriguez,grace.rodriguez832@example.com,555-546-9634
833,Henry,Davis,henry.davis833@example.com,555-950-8493
834,Eve,Garcia,eve.garcia834@example.com,555-198-2261
835,Eve,Williams,eve.williams835@example.com,555-820-7394
836,Frank,Williams,frank.williams836@example.com,555-225-2611
837,Frank,Garcia,frank.garcia837@example.com,555-103-5443
838,Henry,Smith,henry.smith838@example.com,555-563-5147
839,Frank,Williams,frank.williams839@example.com,555-189-5764
840,Alice,Miller,alice.miller840@example.com,555-247-4502
841,Eve,Johnson,eve.johnson841@example.com,555-698-3658
842,Alice,Brown,alice.brown842@example.com,555-129-3873
843,Charlie,Jones,charlie.jones843@example.com,555-776-8999
844,Diana,Rodriguez,diana.rodriguez844@example.com,555-916-8320
845,Diana,Garcia,diana.garcia845@example.com,555-116-4853
846,Diana,Williams,diana.williams846@example.com,555-816-5402
847,Diana,Smith,diana.smith847@example.com,555-695-2207
848,Grace,Williams,grace.williams848@example.com,555-488-7305
849,Jane,Garcia,jane.garcia849@example.com,555-954-2117
850,Charlie,Smith,charlie.smith850@example.com,555-221-6440
851,Bob,Garcia,bob.garcia851@example.com,555-909-2502
852,Grace,Davis,grace.davis852@example.com,555-733-8469
853,Alice,Miller,alice.miller853@example.com,555-317-8653
854,Diana,Miller,diana.miller854@example.com,555-856-4014
855,Henry,Johnson,henry.johnson855@example.com,555-565-7310
856,Bob,Miller,bob.miller856@example.com,555-982-4589
857,Diana,Davis,diana.davis857@example.com,555-792-1471
858,Frank,Johnson,frank.johnson858@example.com,555-827-8910
859,Grace,Doe,grace.doe859@example.com,555-981-2626
860,Alice,Garcia,alice.garcia860@example.com,555-697-8790
861,Grace,Rodriguez,grace.rodriguez861@example.com,555-385-4311
862,Bob,Rodriguez,bob.rodriguez862@example.com,555-412-9323
863,Alice,Garcia,alice.garcia863@example.com,555-519-4932
864,Henry,Johnson,henry.johnson864@example.com,555-585-6808
865,Grace,Johnson,grace.johnson865@example.com,555-351-1198
866,Jane,Johnson,jane.johnson866@example.com,555-626-4343
867,Eve,Smith,eve.smith867@example.com,555-738-7551
868,Bob,Garcia,bob.garcia868@example.com,555-395-3606
869,Alice,Williams,alice.williams869@example.com,555-939-4440
870,Bob,Brown,bob.brown870@example.com,555-856-6957
871,Eve,Johnson,eve.johnson871@example.com,555-769-5261
872,Bob,Smith,bob.smith872@example.com,555-136-3540
873,Grace,Doe,grace.doe873@example.com,555-126-6062
874,John,Johnson,john.johnson874@example.com,555-887-8087
875,Bob,Johnson,bob.johnson875@example.com,555-734-8161
876,John,Rodriguez,john.rodriguez876@example.com,555-320-7043
877,Henry,Miller,henry.miller877@example.com,555-265-1483
878,John,Jones,john.jones878@example.com,555-107-6224
879,Diana,Doe,diana.doe879@example.com,555-891-6342
880,Diana,Davis,diana.davis880@example.com,555-244-4910
881,John,Rodriguez,john.rodriguez881@example.com,555-343-4481
882,Alice,Doe,alice.doe882@example.com,555-153-5242
883,Eve,Johnson,eve.johnson883@example.com,555-387-5989
884,Charlie,Johnson,charlie.johnson884@example.com,555-275-7632
885,Diana,Rodriguez,diana.rodriguez885@example.com,555-590-9860
886,Diana,Smith,diana.smith886@example.com,555-522-3408
887,Charlie,Davis,charlie.davis887@example.com,555-342-5306
888,Eve,Davis,eve.davis888@example.com,555-976-6130
889,Eve,Smith,eve.smith889@example.com,555-193-1254
890,Henry,Garcia,henry.garcia890@example.com,555-537-5364
891,Diana,Johnson,diana.johnson891@example.com,555-231-2271
892,Henry,Rodriguez,henry.rodriguez892@example.com,555-893-3016
893,Grace,Williams,grace.williams893@example.com,555-201-6024
894,Alice,Davis,alice.davis894@example.com,555-332-5976
895,Eve,Williams,eve.williams895@example.com,555-128-7998
896,Henry,Johnson,henry.johnson896@example.com,555-253-4884
897,Diana,Garcia,diana.garcia897@example.com,555-536-3518
898,Frank,Davis,frank.davis898@example.com,555-578-7992
899,Grace,Garcia,grace.garcia899@example.com,555-449-9994
900,Alice,Miller,alice.miller900@example.com,555-634-4649
901,Frank,Jones,frank.jones901@example.com,555-676-2027
902,Jane,Smith,jane.smith902@example.com,555-181-7062
903,Diana,Jones,diana.jones903@example.com,555-886-2021
904,John,Johnson,john.johnson904@example.com,555-758-4320
905,Henry,Miller,henry.miller905@example.com,555-807-1263
906,Henry,Smith,henry.smith906@example.com,555-297-1292
907,John,Brown,john.brown907@example.com,555-948-6874
908,Jane,Williams,jane.williams908@example.com,555-981-1877
909,Alice,Doe,alice.doe909@example.com,555-478-7999
910,Bob,Jones,bob.jones910@example.com,555-623-8132
911,Jane,Johnson,jane.johnson911@example.com,555-952-8107
912,Grace,Jones,grace.jones912@example.com,555-683-5866
913,John,Brown,john.brown913@example.com,555-772-9597
914,Frank,Smith,frank.smith914@example.com,555-690-5458
915,Grace,Johnson,grace.johnson915@example.com,555-742-2396
916,Henry,Garcia,henry.garcia916@example.com,555-874-8785
917,John,Smith,john.smith917@example.com,555-175-1090
918,Henry,Doe,henry.doe918@example.com,555-583-7824
919,Charlie,Williams,charlie.williams919@example.com,555-634-9149
920,Frank,Brown,frank.brown920@example.com,555-454-1430
921,Henry,Johnson,henry.johnson921@example.com,555-758-1795
922,Eve,Garcia,eve.garcia922@example.com,555-600-4183
923,John,Williams,john.williams923@example.com,555-882-2355
924,Jane,Brown,jane.brown924@example.com,555-394-1074
925,Grace,Davis,grace.davis925@example.com,555-743-4608
926,Jane,Jones,jane.jones926@example.com,555-176-4556
927,Diana,Garcia,diana.garcia927@example.com,555-753-7847
928,Diana,Brown,diana.brown928@example.com,555-272-6775
929,Charlie,Jones,charlie.jones929@example.com,555-229-5765
930,Diana,Williams,diana.williams930@example.com,555-479-4536
931,Alice,Davis,alice.davis931@example.com,555-871-2763
932,Bob,Miller,bob.miller932@example.com,555-933-6634
933,Frank,Jones,frank.jones933@example.com,555-106-5788
934,Alice,Smith,alice.smith934@example.com,555-407-4477
935,Bob,Rodriguez,bob.rodriguez935@example.com,555-507-9667
936,Henry,Jones,henry.jones936@example.com,555-620-3747
937,Grace,Miller,grace.miller937@example.com,555-569-9752
938,Alice,Rodriguez,alice.rodriguez938@example.com,555-444-3951
939,Frank,Brown,frank.brown939@example.com,555-539-3033
940,Alice,Williams,alice.williams940@example.com,555-806-1462
941,Alice,Johnson,alice.johnson941@example.com,555-591-4954
942,Frank,Doe,frank.doe942@example.com,555-727-1375
943,Grace,Miller,grace.miller943@example.com,555-465-8943
944,Charlie,Miller,charlie.miller944@example.com,555-200-4148
945,Charlie,Miller,charlie.miller945@example.com,555-682-2879
946,Grace,Williams,grace.williams946@example.com,555-943-3049
947,Henry,Williams,henry.williams947@example.com,555-265-9857
948,Grace,Rodriguez,grace.rodriguez948@example.com,555-162-8490
949,Grace,Smith,grace.smith949@example.com,555-864-2303
950,Eve,Miller,eve.miller950@example.com,555-498-7974
951,Alice,Doe,alice.doe951@example.com,555-795-5647
952,Diana,Brown,diana.brown952@example.com,555-800-7640
953,Alice,Rodriguez,alice.rodriguez953@example.com,555-300-3862
954,John,Doe,john.doe954@example.com,555-247-3394
955,John,Rodriguez,john.rodriguez955@example.com,555-145-4789
956,Frank,Jones,frank.jones956@example.com,555-272-2825
957,Charlie,Williams,charlie.williams957@example.com,555-416-3838
958,Jane,Jones,jane.jones958@example.com,555-280-5198
959,Frank,Doe,frank.doe959@example.com,555-498-6230
960,Charlie,Williams,charlie.williams960@example.com,555-345-1881
961,Alice,Jones,alice.jones961@example.com,555-883-3802
962,Eve,Doe,eve.doe962@example.com,555-337-5542
963,Henry,Johnson,henry.johnson963@example.com,555-643-6291
964,Alice,Jones,alice.jones964@example.com,555-836-6673
965,Henry,Doe,henry.doe965@example.com,555-339-3580
966,Henry,Rodriguez,henry.rodriguez966@example.com,555-206-9523
967,John,Jones,john.jones967@example.com,555-500-8032
968,Frank,Garcia,frank.garcia968@example.com,555-422-5988
969,Grace,Smith,grace.smith969@example.com,555-451-7270
970,Grace,Brown,grace.brown970@example.com,555-764-7920
971,Jane,Miller,jane.miller971@example.com,555-223-4415
972,Eve,Doe,eve.doe972@example.com,555-256-4421
973,John,Garcia,john.garcia973@example.com,555-562-9812
974,Diana,Jones,diana.jones974@example.com,555-808-2185
975,John,Brown,john.brown975@example.com,555-935-2698
976,Bob,Jones,bob.jones976@example.com,555-844-9589
977,Diana,Smith,diana.smith977@example.com,555-996-1223
978,Diana,Jones,diana.jones978@example.com,555-165-5462
979,John,Doe,john.doe979@example.com,555-441-1060
980,Bob,Smith,bob.smith980@example.com,555-161-2944
981,Bob,Brown,bob.brown981@example.com,555-563-4714
982,Jane,Williams,jane.williams982@example.com,555-941-2939
983,Bob,Davis,bob.davis983@example.com,555-893-8679
984,Henry,Jones,henry.jones984@example.com,555-427-6008
985,Alice,Doe,alice.doe985@example.com,555-134-4224
986,Grace,Williams,grace.williams986@example.com,555-479-6011
987,Alice,Rodriguez,alice.rodriguez987@example.com,555-609-8118
988,Alice,Davis,alice.davis988@example.com,555-786-5784
989,Diana,Johnson,diana.johnson989@example.com,555-899-2035
990,Eve,Miller,eve.miller990@example.com,555-861-8327
991,Charlie,Garcia,charlie.garcia991@example.com,555-152-1524
992,Grace,Jones,grace.jones992@example.com,555-570-4177
993,Frank,Miller,frank.miller993@example.com,555-841-4846
994,Diana,Williams,diana.williams994@example.com,555-803-2018
995,Frank,Williams,frank.williams995@example.com,555-455-8778
996,Charlie,Johnson,charlie.johnson996@example.com,555-916-4943
997,Frank,Miller,frank.miller997@example.com,555-954-4794
998,Jane,Davis,jane.davis998@example.com,555-389-9375
999,Jane,Davis,jane.davis999@example.com,555-778-7716
1000,John,Johnson,john.johnson1000@example.com,555-138-2324
